ScientificName,Taxon,PrefTemp,tmin,minmetric,tmax,maxmetric
Actinauge richardi,Cnidaria,14.48,,,,
Actinia cari,Cnidaria,14.38,,,,
Actinia equina,Cnidaria,16.23,,,,
Adamsia palliata,Cnidaria,15.39,,,,
Aequorea forskalea,Cnidaria,13.84,,,,
Alcyonium acaule,Cnidaria,14.56,,,,
Alcyonium palmatum,Cnidaria,14.32,,,,
Amphianthus dohrnii,Cnidaria,15.23,,,,
Andresia parthenopea,Cnidaria,14.43,,,,
Aulactinia verrucosa,Cnidaria,14.8,,,,
Aurelia aurita,Cnidaria,14.42,,,,
Calliactis parasitica,Cnidaria,15.53,,,,
Callogorgia verticillata,Cnidaria,14.18,,,,
Caryophyllia smithii,Cnidaria,13.78,,,,
Cavernularia pusilla,Cnidaria,13.95,,,,
Cereus pedunculatus,Cnidaria,14.48,,,,
Cerianthus membranaceus,Cnidaria,13.39,,,,
Chrysaora hysoscella,Cnidaria,14.07,,,,
Dendrophyllia ramea,Cnidaria,14.95,,,,
Desmophyllum dianthus,Cnidaria,13.73,,,,
Epizoanthus arenaceus,Cnidaria,16.05,,,,
Epizoanthus paguricola,Cnidaria,14.43,,,,
Eunicella cavolini,Cnidaria,15.55,,,,
Eunicella filiformis,Cnidaria,14.43,,,,
Eunicella singularis,Cnidaria,15.24,,,,
Eunicella verrucosa,Cnidaria,14.03,,,,
Funiculina quadrangularis,Cnidaria,14.1,,,,
Halecium halecinum,Cnidaria,15.55,,,,
Hormathia alba,Cnidaria,13.42,,,,
Hormathia coronata,Cnidaria,14.93,,,,
Hydractinia echinata ,Cnidaria,13.79,,,,
Isidella elongata,Cnidaria,14.15,,,,
Leptogorgia sarmentosa,Cnidaria,14.68,,,,
Lophelia pertusa,Cnidaria,14.65,,,,
Lytocarpia myriophyllum,Cnidaria,15.14,,,,
Madrepora oculata,Cnidaria,14.56,,,,
Metridium senile,Cnidaria,14.56,,,,
Nemertesia antennina,Cnidaria,14.79,,,,
Nemertesia ramosa,Cnidaria,14.26,,,,
Paralcyonium spinulosum,Cnidaria,13.99,,,,
Paramuricea clavata,Cnidaria,14.75,,,,
Parantipathes larix,Cnidaria,14.07,,,,
Parazoanthus axinellae,Cnidaria,13.74,,,,
Pelagia noctiluca,Cnidaria,13.96,,,,
Pennatula aculeata,Cnidaria,13.95,,,,
Pennatula phosphorea,Cnidaria,16.89,,,,
Pennatula rubra,Cnidaria,16.31,,,,
Pteroeides spinosum,Cnidaria,14.65,,,,
Rhizostoma pulmo,Cnidaria,16.2,,,,
Sagartia elegans,Cnidaria,15.08,,,,
Sertularella crassicaulis,Cnidaria,15.11,,,,
Sertularella gayi,Cnidaria,14.46,,,,
Telmatactis forskali,Cnidaria,14.54,,,,
Veretillum cynomorium,Cnidaria,14.56,,,,
Virgularia mirabilis,Cnidaria,14.27,,,,
Acanthephyra eximia,Crustaceans,13.09,,,,
Acanthephyra pelagica,Crustaceans,13.25,,,,
Aegaeon cataphractus,Crustaceans,15.08,,,,
Aegaeon lacazei,Crustaceans,14.22,,,,
Allosergestes sargassi,Crustaceans,13.23,,,,
Alpheus glaber,Crustaceans,13.97,,,,
Alpheus macrocheles,Crustaceans,14.6,,,,
Alpheus platydactylus,Crustaceans,13.16,,,,
Amphibalanus amphitrite amphitrite,Crustaceans,15.55,,,,
Anamathia rissoana,Crustaceans,13.83,,,,
Anapagurus bicorniger,Crustaceans,14.48,,,,
Anapagurus laevis,Crustaceans,15.34,,,,
Aristaeomorpha foliacea,Crustaceans,13.94,,,,
Aristeus antennatus,Crustaceans,13.61,,,,
Ascidonia flavomaculata,Crustaceans,14.28,,,,
Atelecyclus rotundatus,Crustaceans,14.84,,,,
Athanas nitescens,Crustaceans,14.68,,,,
Bathynectes longipes,Crustaceans,14.3,,,,
Bathynectes maravigna,Crustaceans,13.73,,,,
Brachynotus sexdentatus,Crustaceans,14.38,,,,
Calappa granulata,Crustaceans,14.74,,,,
Calappa pelii,Crustaceans,15.83,,,,
Calappa tuerkayana,Crustaceans,15.84,,,,
Calcinus tubularis,Crustaceans,14.42,,,,
Calocarides coronatus,Crustaceans,13.11,,,,
Calocaris macandreae,Crustaceans,13.31,,,,
Caridion steveni,Crustaceans,13.93,,,,
Chlorotocus crassicornis,Crustaceans,13.86,,,,
Corystes cassivelaunus,Crustaceans,15.64,,,,
Dardanus arrosor,Crustaceans,15.36,,,,
Dardanus calidus,Crustaceans,17.27,,,,
Derilambrus angulifrons,Crustaceans,16.32,,,,
Dicranodromia mahieuxii,Crustaceans,13.17,,,,
Dorhynchus thomsoni,Crustaceans,13.7,,,,
Dromia personata,Crustaceans,15.95,,,,
Ebalia cranchii,Crustaceans,13.97,,,,
Ebalia deshayesi,Crustaceans,14.72,,,,
Ebalia nux,Crustaceans,15.22,,,,
Ebalia tuberosa,Crustaceans,15.28,,,,
Ergasticus clouei,Crustaceans,17.13,,,,
Eriphia verrucosa,Crustaceans,20.31,,,,
Erugosquilla massavensis,Crustaceans,17.67,,,,
Ethusa mascarone,Crustaceans,14.73,,,,
Euchirograpsus liguricus,Crustaceans,13.12,,,,
Euphausia krohni,Crustaceans,13.93,,,,
Eurynome aspera,Crustaceans,14.72,,,,
Eusergestes arcticus,Crustaceans,13.41,,,,
Funchalia woodwardi,Crustaceans,13.45,,,,
Galathea dispersa,Crustaceans,14.21,,,,
Galathea intermedia,Crustaceans,13.92,,,,
Galathea nexa,Crustaceans,14.22,,,,
Galathea strigosa,Crustaceans,14.33,,,,
Gennadas elegans,Crustaceans,13.59,,,,
Geryon longipes,Crustaceans,13.47,,,,
Geryon trispinosus,Crustaceans,13.11,,,,
Goneplax rhomboides,Crustaceans,15.07,,,,
Homarus gammarus,Crustaceans,16.31,,,,
Homola barbata,Crustaceans,15.01,,,,
Hymenopenaeus debilis,Crustaceans,13.07,,,,
Ilia nucleus,Crustaceans,18.46,,,,
Inachus aguiarii,Crustaceans,14.28,,,,
Inachus communissimus,Crustaceans,15.43,,,,
Inachus dorsettensis,Crustaceans,14.7,,,,
Inachus leptochirus,Crustaceans,14.3,,,,
Inachus parvirostris,Crustaceans,13.67,,,,
Inachus phalangium,Crustaceans,14.26,,,,
Inachus thoracicus,Crustaceans,14.95,,,,
Jaxea nocturna,Crustaceans,12.72,,,,
Latreillia elegans,Crustaceans,14.7,,,,
Lepas anatifera,Crustaceans,15.02,,,,
Leptochela pugnax,Crustaceans,13.55,,,,
Ligur ensiferus,Crustaceans,13.5,,,,
Liocarcinus corrugatus,Crustaceans,14.76,,,,
Liocarcinus depurator,Crustaceans,15.18,,,,
Liocarcinus maculatus,Crustaceans,17.8,,,,
Liocarcinus navigator,Crustaceans,19.17,,,,
Liocarcinus vernalis,Crustaceans,16.97,,,,
Lissa chiragra,Crustaceans,14.75,,,,
Lophogaster typicus,Crustaceans,13.46,,,,
Lysmata seticaudata,Crustaceans,14.87,,,,
Macropipus tuberculatus,Crustaceans,13.73,,,,
Macropodia linaresi,Crustaceans,14.56,,,,
Macropodia longipes,Crustaceans,13.97,,,,
Macropodia longirostris,Crustaceans,15.56,,,,
Macropodia rostrata,Crustaceans,14.75,,,,
Macropodia tenuirostris,Crustaceans,13.61,,,,
Maja brachydactyla,Crustaceans,13.81,,,,
Maja crispata,Crustaceans,15.9,,,,
Maja goltziana,Crustaceans,15.4,,,,
Maja squinado,Crustaceans,14.86,,,,
Medorippe lanata,Crustaceans,16.42,,,,
Meganyctiphanes norvegica,Crustaceans,13.44,,,,
Monodaeus couchii,Crustaceans,13.31,,,,
Munida curvimana,Crustaceans,15.65,,,,
Munida intermedia,Crustaceans,13.56,,,,
Munida rugosa,Crustaceans,13.17,,,,
Munida rutllanti,Crustaceans,13.92,,,,
Munida tenuimana,Crustaceans,13.19,,,,
Natatolana borealis,Crustaceans,13.52,,,,
Necora puber,Crustaceans,13.39,,,,
Nematocarcinus ensifer,Crustaceans,14.74,,,,
Nephrops norvegicus,Crustaceans,13.67,,,,
Nepinnotheres pinnotheres,Crustaceans,14.04,,,,
Paguristes eremita,Crustaceans,15.92,,,,
Pagurus alatus,Crustaceans,15.08,,,,
Pagurus anachoretus,Crustaceans,14.01,,,,
Pagurus cuanensis,Crustaceans,14.69,,,,
Pagurus excavatus,Crustaceans,14.88,,,,
Pagurus forbesii,Crustaceans,14.84,,,,
Pagurus prideaux,Crustaceans,14.55,,,,
Palicus caronii,Crustaceans,13.87,,,,
Palinurus elephas,Crustaceans,14.38,,,,
Palinurus mauritanicus,Crustaceans,13.47,,,,
Pandalina brevirostris,Crustaceans,13.19,,,,
Pandalina profunda,Crustaceans,13.16,,,,
Paractaea monodi,Crustaceans,16.58,,,,
Parapenaeus longirostris,Crustaceans,14.39,,,,
Parasquilla ferussaci,Crustaceans,13.97,,,,
Paromola cuvieri,Crustaceans,13.65,,,,
Parthenope expansa,Crustaceans,14.27,,,,
Parthenopoides massena,Crustaceans,14.6,,,,
Pasiphaea multidentata,Crustaceans,13.55,,,,
Pasiphaea sivado,Crustaceans,13.76,,,,
Penaeopsis serrata,Crustaceans,13.01,,,,
Penaeus aztecus,Crustaceans,17.09,,,,
Penaeus kerathurus,Crustaceans,17.75,,,,
Periclimenes granulatus,Crustaceans,13.21,,,,
Philocheras echinulatus,Crustaceans,13.31,,,,
Philocheras sculptus,Crustaceans,13.96,,,,
Phronima sedentaria,Crustaceans,13.38,,,,
Phrosina semilunata,Crustaceans,13.37,,,,
Pilumnus hirtellus,Crustaceans,16.28,,,,
Pilumnus spinifer,Crustaceans,15.08,,,,
Pilumnus villosissimus,Crustaceans,14.96,,,,
Pinnotheres pisum,Crustaceans,14.5,,,,
Pisa armata,Crustaceans,14.6,,,,
Pisa nodipes,Crustaceans,17.43,,,,
Pisidia longicornis,Crustaceans,14.78,,,,
Plesionika acanthonotus,Crustaceans,13.49,,,,
Plesionika antigai,Crustaceans,13.83,,,,
Plesionika edwardsii,Crustaceans,13.86,,,,
Plesionika ensis,Crustaceans,14.07,,,,
Plesionika gigliolii,Crustaceans,13.52,,,,
Plesionika heterocarpus,Crustaceans,13.7,,,,
Plesionika martia,Crustaceans,13.77,,,,
Plesionika narval,Crustaceans,13.74,,,,
Polybius henslowii,Crustaceans,13.44,,,,
Polycheles typhlops,Crustaceans,13.71,,,,
Pontophilus norvegicus,Crustaceans,13.55,,,,
Pontophilus spinosus,Crustaceans,13.53,,,,
Portumnus latipes,Crustaceans,15.24,,,,
Portunus hastatus,Crustaceans,15.43,,,,
Processa canaliculata,Crustaceans,13.34,,,,
Processa edulis edulis,Crustaceans,12.38,,,,
Processa elegantula,Crustaceans,14.38,,,,
Processa nouveli,Crustaceans,13.21,,,,
Pseudosquillopsis cerisii,Crustaceans,13.98,,,,
Richardina fredericii,Crustaceans,13.17,,,,
Rissoides desmaresti,Crustaceans,14.25,,,,
Rissoides pallidus,Crustaceans,13.67,,,,
Rochinia carpenteri,Crustaceans,13.14,,,,
Scalpellum scalpellum,Crustaceans,14.17,,,,
Scyllarides latus,Crustaceans,15.8,,,,
Scyllarus arctus,Crustaceans,16.5,,,,
Scyllarus pygmaeus,Crustaceans,14.22,,,,
Sergestes arachnipodus,Crustaceans,14.4,,,,
Sergia robusta,Crustaceans,13.4,,,,
Sicyonia carinata,Crustaceans,20.26,,,,
Solenocera membranacea,Crustaceans,13.6,,,,
Sphaerozius nitidus,Crustaceans,15.31,,,,
Spinolambrus macrochelos,Crustaceans,14.67,,,,
Squilla mantis,Crustaceans,17.93,,,,
Stenopus spinosus,Crustaceans,14.8,,,,
Synalpheus gambarelloides,Crustaceans,15.04,,,,
Systellaspis debilis,Crustaceans,13,,,,
Thalamita poissonii,Crustaceans,16.56,,,,
Thia scutellata,Crustaceans,14.82,,,,
Typton spongicola,Crustaceans,14.99,,,,
Upogebia deltaura,Crustaceans,13.79,,,,
Upogebia pusilla,Crustaceans,14.65,,,,
Xantho pilipes,Crustaceans,14.1,,,,
Amphipholis squamata,Echinodermata,14.34,,,,
Amphiura chiajei,Echinodermata,14.35,,,,
Anseropoda placenta,Echinodermata,15.22,,,,
Antedon mediterranea,Echinodermata,13.96,,,,
Astropecten aranciacus,Echinodermata,16.04,,,,
Astropecten bispinosus,Echinodermata,17.01,,,,
Astropecten irregularis pentacanthus,Echinodermata,14.41,,,,
Astropecten jonstoni,Echinodermata,15.42,,,,
Astropecten spinulosus,Echinodermata,14.9,,,,
Astrospartus mediterraneus,Echinodermata,14.22,,,,
Brissopsis atlantica,Echinodermata,13.53,,,,
Brissopsis atlantica mediterranea,Echinodermata,13.45,,,,
Brissopsis lyrifera,Echinodermata,15.6,,,,
Brissus unicolor,Echinodermata,18.62,,,,
Centrostephanus longispinus,Echinodermata,15.65,,,,
Ceramaster grenadensis,Echinodermata,13.89,,,,
Chaetaster longipes,Echinodermata,14.62,,,,
Cidaris cidaris,Echinodermata,14.43,,,,
Coscinasterias tenuispina,Echinodermata,15.9,,,,
Echinaster sepositus,Echinodermata,15.54,,,,
Echinocardium cordatum,Echinodermata,18.78,,,,
Echinocardium mediterraneum,Echinodermata,26.61,,,,
Echinus melo,Echinodermata,14.58,,,,
Genocidaris maculata,Echinodermata,16.37,,,,
Gracilechinus acutus,Echinodermata,13.92,,,,
Hacelia attenuata,Echinodermata,14.85,,,,
Havelockia inermis,Echinodermata,13.56,,,,
Holothuria forskali,Echinodermata,15.47,,,,
Holothuria helleri,Echinodermata,14.82,,,,
Holothuria mammata,Echinodermata,15,,,,
Holothuria poli,Echinodermata,20.1,,,,
Holothuria sanctori,Echinodermata,14.14,,,,
Holothuria tubulosa,Echinodermata,20.37,,,,
Hymenodiscus coronata,Echinodermata,13.22,,,,
Labidoplax digitata,Echinodermata,15.5,,,,
Leptometra phalangium,Echinodermata,13.55,,,,
Leptopentacta elongata,Echinodermata,13.53,,,,
Leptopentacta tergestina,Echinodermata,14.81,,,,
Leptosynapta inhaerens,Echinodermata,14.35,,,,
Luidia ciliaris,Echinodermata,15.07,,,,
Luidia sarsii,Echinodermata,14.25,,,,
Marthasterias glacialis,Echinodermata,14.9,,,,
Mesothuria intestinalis,Echinodermata,13.33,,,,
Molpadia musculus,Echinodermata,13.43,,,,
Ocnus planci,Echinodermata,14.4,,,,
Ocnus syracusanus,Echinodermata,15.76,,,,
Odontaster mediterraneus,Echinodermata,13.93,,,,
Ophiacantha setosa,Echinodermata,14.13,,,,
Ophidiaster ophidianus,Echinodermata,15.42,,,,
Ophiocomina nigra,Echinodermata,15.01,,,,
Ophioderma longicauda,Echinodermata,17.66,,,,
Ophiomyxa pentagona,Echinodermata,15.09,,,,
Ophiopsila aranea,Echinodermata,15.12,,,,
Ophiothrix fragilis,Echinodermata,14.78,,,,
Ophiothrix quinquemaculata,Echinodermata,13.96,,,,
Ophiura albida,Echinodermata,15.35,,,,
Ophiura ophiura,Echinodermata,14.66,,,,
Ova canaliferus,Echinodermata,18.92,,,,
Paracentrotus lividus,Echinodermata,17.14,,,,
Parastichopus regalis,Echinodermata,14.45,,,,
Peltaster placenta,Echinodermata,15.19,,,,
Phyllophorus urna,Echinodermata,14.91,,,,
Plutonaster bifrons,Echinodermata,13.99,,,,
Psammechinus microtuberculatus,Echinodermata,15.83,,,,
Spatangus purpureus,Echinodermata,15.73,,,,
Spatangus subinermis,Echinodermata,16.42,,,,
Sphaerechinus granularis,Echinodermata,16.01,,,,
Stylocidaris affinis,Echinodermata,15.58,,,,
Tethyaster subinermis,Echinodermata,14.34,,,,
Thyone fusus,Echinodermata,13.84,,,,
Acantholabrus palloni,Fish,14.09,,,,
Alepocephalus rostratus,Fish,13.09,,,,
Alopias vulpinus,Fish,16.46,,,,
Alosa alosa,Fish,14.58,,,,
Alosa fallax,Fish,16.23,,,,
Anguilla anguilla,Fish,13.78,,,,
Anthias anthias,Fish,14.1,,,,
Aphia minuta,Fish,15.25,,,,
Apogon imberbis,Fish,14.99,,,,
Apterichtus caecus,Fish,14.25,,,,
Arctozenus risso,Fish,13.35,,,,
Argentina sphyraena,Fish,14.44,,,,
Argyropelecus hemigymnus,Fish,13.77,,,,
Ariosoma balearicum,Fish,14.89,,,,
Arnoglossus imperialis,Fish,14.14,,,,
Arnoglossus kessleri,Fish,16.54,,,,
Arnoglossus laterna,Fish,15.93,,,,
Arnoglossus rueppelii,Fish,13.98,,,,
Arnoglossus thori,Fish,16.31,,,,
Atherina boyeri,Fish,20.24,,,,
Aulopus filamentosus,Fish,14.89,,,,
Balistes capriscus,Fish,18.33,,,,
Bathophilus nigerrimus,Fish,13.83,,,,
Bathypterois dubius,Fish,14.09,,,,
Bathysolea profundicola,Fish,13.26,,,,
Bellottia apoda,Fish,13.74,,,,
Belone belone,Fish,12.06,,,,
Benthocometes robustus,Fish,13.76,,,,
Benthosema glaciale,Fish,13.65,,,,
Blennius ocellaris,Fish,15.14,,,,
Boops boops,Fish,15.21,,,,
Borostomias antarcticus,Fish,13.1,,,,
Bothus podas,Fish,16.68,,,,
Brama brama,Fish,14.16,,,,
Buglossidium luteum,Fish,15.5,,,,
Callanthias ruber,Fish,14.62,,,,
Callionymus fasciatus,Fish,14.2,,,,
Callionymus lyra,Fish,14.99,,,,
Callionymus maculatus,Fish,13.79,,,,
Callionymus pusillus,Fish,15.22,,,,
Callionymus risso,Fish,15.76,,,,
Capros aper,Fish,13.97,,,,
Caranx rhonchus,Fish,14.93,,,,
Carapus acus,Fish,14.5,,,,
Cataetyx alleni,Fish,13.06,,,,
Centracanthus cirrus,Fish,14.38,,,,
Centrolophus niger,Fish,13.63,,,,
Centrophorus granulosus,Fish,13.96,,,,
Cepola macrophthalma,Fish,14.27,,,,
Ceratoscopelus maderensis,Fish,13.78,,,,
Chauliodus sloani,Fish,13.6,,,,
Chelidonichthys cuculus,Fish,14.34,,,,
Chelidonichthys lucerna,Fish,17.03,,,,
Chelidonichthys obscurus,Fish,15.42,,,,
Chelon labrosus,Fish,18.12,,,,
Chimaera monstrosa,Fish,13.51,,,,
Chlopsis bicolor,Fish,14.04,,,,
Chlorophthalmus agassizi,Fish,14.18,,,,
Chromis chromis,Fish,16.93,,,,
Citharus linguatula,Fish,15.08,,,,
Coelorinchus caelorhincus,Fish,13.82,,,,
Coelorinchus occa,Fish,14.11,,,,
Conger conger,Fish,13.93,,,,
Coris julis,Fish,17.2,,,,
Coryphoblennius galerita,Fish,14.78,,,,
Crystallogobius linearis,Fish,13.91,,,,
Ctenolabrus rupestris,Fish,13.03,,,,
Cubiceps gracilis,Fish,14.02,,,,
Cyclothone braueri,Fish,13.57,,,,
Cyclothone pygmaea,Fish,13.18,,,,
Dactylopterus volitans,Fish,15.41,,,,
Dalatias licha,Fish,13.61,,,,
Dalophis imberbis,Fish,14.76,,,,
Dasyatis centroura,Fish,16.32,,,,
Dasyatis pastinaca,Fish,16.92,,,,
Dasyatis tortonesei,Fish,15.12,,,,
Deltentosteus collonianus,Fish,14.62,,,,
Deltentosteus quadrimaculatus,Fish,14.58,,,,
Dentex dentex,Fish,15.26,,,,
Dentex gibbosus,Fish,15.96,,,,
Dentex macrophthalmus,Fish,16.11,,,,
Dentex maroccanus,Fish,15.96,,,,
Diaphus holti,Fish,14.07,,,,
Diaphus metopoclampus,Fish,14.11,,,,
Diaphus rafinesquii,Fish,14.06,,,,
Dicentrarchus labrax,Fish,15.81,5.44,CTmin,34.59,CTMax
Dicologlossa cuneata,Fish,15.3,,,,
Dicologlossa hexophthalma,Fish,13.76,,,,
Diplecogaster bimaculata bimaculata,Fish,13.9,,,,
Diplodus annularis,Fish,16.88,,,,
Diplodus cervinus cervinus,Fish,14.92,,,,
Diplodus puntazzo,Fish,17.42,,,,
Diplodus sargus sargus,Fish,15.58,,,,
Diplodus vulgaris,Fish,17.9,,,,
Dipturus batis,Fish,15.07,,,,
Dipturus nidarosiensis,Fish,13.87,,,,
Dipturus oxyrinchus,Fish,14.03,,,,
Dussumieria elopsoides,Fish,17.37,,,,
Dysomma brevirostre,Fish,13.18,,,,
Echelus myrus,Fish,15.3,,,,
Echiichthys vipera,Fish,14.78,,,,
Echiodon dentatus,Fish,13.52,,,,
Electrona risso,Fish,13.61,,,,
Engraulis encrasicolus,Fish,15.54,,,,
Epigonus constanciae,Fish,13.9,,,,
Epigonus denticulatus,Fish,13.48,,,,
Epigonus telescopus,Fish,13.69,,,,
Epinephelus aeneus,Fish,18.84,,,,
Epinephelus costae,Fish,16.15,,,,
Epinephelus marginatus,Fish,14.96,,,,
Eretmophorus kleinenbergi,Fish,13.07,,,,
Etmopterus spinax,Fish,13.71,,,,
Eutelichthys leptochirus,Fish,14.15,,,,
Eutrigla gurnardus,Fish,13.73,,,,
Evermannella balbo,Fish,13.43,,,,
Facciolella oxyrhyncha,Fish,14.4,,,,
Fistularia commersonii,Fish,17.17,,,,
Gadella maraldi,Fish,14.04,,,,
Gadiculus argenteus,Fish,13.79,,,,
Gaidropsarus biscayensis,Fish,13.86,,,,
Gaidropsarus mediterraneus,Fish,14.54,,,,
Gaidropsarus vulgaris,Fish,13.21,,,,
Galeorhinus galeus,Fish,13.84,,,,
Galeus atlanticus,Fish,13.13,,,,
Galeus melastomus,Fish,13.48,,,,
Glossanodon leioglossus,Fish,13.76,,,,
Gnathophis mystax,Fish,14.47,,,,
Gobius cruentatus,Fish,15.76,,,,
Gobius fallax,Fish,13.9,,,,
Gobius geniporus,Fish,16.38,,,,
Gobius niger,Fish,17.21,,,,
Gobius paganellus,Fish,15.48,,,,
Gonichthys cocco,Fish,13.69,,,,
Gonostoma denudatum,Fish,13.88,,,,
Gouania willdenowi,Fish,14.55,,,,
Grammonus ater,Fish,13.5,,,,
Gymnammodytes cicerelus,Fish,15.11,,,,
Gymnura altavela,Fish,17.42,,,,
Helicolenus dactylopterus,Fish,13.73,,,,
Heptranchias perlo,Fish,13.99,,,,
Hexanchus griseus,Fish,14.14,,,,
Hippocampus guttulatus,Fish,16.84,,,,
Hippocampus hippocampus,Fish,17.92,,,,
Hoplostethus mediterraneus mediterraneus,Fish,13.86,,,,
Hygophum benoiti,Fish,13.81,,,,
Hygophum hygomii,Fish,13.67,,,,
Hymenocephalus italicus,Fish,13.93,,,,
Ichthyococcus ovatus,Fish,13.85,,,,
Labrus mixtus,Fish,14.74,,,,
Labrus viridis,Fish,19.72,,,,
Lagocephalus lagocephalus lagocephalus,Fish,15.87,,,,
Lagocephalus sceleratus,Fish,18.34,,,,
Lagocephalus suezensis,Fish,16.23,,,,
Lampanyctus crocodilus,Fish,13.54,,,,
Lampanyctus pusillus,Fish,14.31,,,,
Lappanella fasciata,Fish,14.11,,,,
Lepadogaster lepadogaster,Fish,15.9,,,,
Lepidion lepidion,Fish,13.09,,,,
Lepidopus caudatus,Fish,13.83,,,,
Lepidorhombus boscii,Fish,13.82,,,,
Lepidorhombus whiffiagonis,Fish,14.02,,,,
Lepidotrigla cavillone,Fish,14.81,,,,
Lepidotrigla dieuzeidei,Fish,14.23,,,,
Lestidiops jayakari jayakari,Fish,14.29,,,,
Lestidiops sphyrenoides,Fish,13.6,,,,
Lesueurigobius friesii,Fish,14.42,,,,
Lesueurigobius sanzi,Fish,14.15,,,,
Lesueurigobius suerii,Fish,15.16,,,,
Leucoraja circularis,Fish,13.91,,,,
Leucoraja fullonica,Fish,14.39,,,,
Leucoraja melitensis,Fish,14.39,,,,
Leucoraja naevus,Fish,13.97,,,,
Lichia amia,Fish,15.03,,,,
Lithognathus mormyrus,Fish,18.88,,,,
Liza aurata,Fish,20.65,,,,
Liza ramada,Fish,16.36,,,,
Liza saliens,Fish,19.26,,,,
Lobianchia dofleini,Fish,14.09,,,,
Lobianchia gemellarii,Fish,13.84,,,,
Lophius budegassa,Fish,14.21,,,,
Lophius piscatorius,Fish,13.84,,,,
Macroramphosus scolopax,Fish,14.69,,,,
Maurolicus muelleri,Fish,13.3,,,,
Melanostigma atlanticum,Fish,13.2,,,,
Merlangius merlangus,Fish,16.25,,,,
Merluccius merluccius,Fish,14.22,,,,
Microchirus azevia,Fish,14.78,,,,
Microchirus boscanion,Fish,13.77,,,,
Microchirus ocellatus,Fish,16.23,,,,
Microchirus variegatus,Fish,14.51,,,,
Microichthys coccoi,Fish,14.18,,,,
Microlipophrys adriaticus,Fish,17.02,,,,
Micromesistius poutassou,Fish,13.34,,,,
Mola mola,Fish,13.91,,,,
Molva dypterygia,Fish,13.82,,,,
Molva macrophthalma,Fish,13.32,,,,
Molva molva,Fish,13.69,,,,
Monochirus hispidus,Fish,16.29,,,,
Mora moro,Fish,13.82,,,,
Mugil cephalus,Fish,16.37,,,,
Mullus barbatus,Fish,16.46,,,,
Mullus surmuletus,Fish,15.26,,,,
Muraena helena,Fish,16.19,,,,
Mustelus asterias,Fish,15.57,,,,
Mustelus mustelus,Fish,16.95,,,,
Mustelus punctulatus,Fish,18.74,,,,
Myctophum punctatum,Fish,13.62,,,,
Myliobatis aquila,Fish,17.67,,,,
Nansenia oblita,Fish,13.58,,,,
Naucrates ductor,Fish,12.56,,,,
Nemichthys scolopaceus,Fish,14.85,,,,
Nerophis maculatus,Fish,14.12,,,,
Nettastoma melanurum,Fish,13.91,,,,
Nezumia aequalis,Fish,13.16,,,,
Nezumia sclerorhynchus,Fish,13.92,,,,
Notacanthus bonaparte,Fish,13.61,,,,
Notoscopelus bolini,Fish,13.69,,,,
Notoscopelus elongatus,Fish,13.53,,,,
Oblada melanura,Fish,16.24,,,,
Odondebuenia balearica,Fish,15.24,,,,
Oedalechilus labeo,Fish,15.1,,,,
Ophichthus rufus,Fish,13.81,,,,
Ophidion barbatum,Fish,14.55,,,,
Ophidion rochei,Fish,14.82,,,,
Ophisurus serpens,Fish,14.04,,,,
Oxynotus centrina,Fish,14.29,,,,
Pagellus acarne,Fish,15.74,,,,
Pagellus bogaraveo,Fish,14.18,,,,
Pagellus erythrinus,Fish,16.63,,,,
Pagrus pagrus,Fish,16.2,,,,
Parablennius gattorugine,Fish,14.7,,,,
Parablennius incognitus,Fish,16.39,,,,
Parablennius tentacularis,Fish,17.74,,,,
Paralepis coregonoides,Fish,13.56,,,,
Paraliparis murieli,Fish,13.13,,,,
Parapristipoma octolineatum,Fish,14.37,,,,
Pegusa impar,Fish,14.99,,,,
Pegusa lascaris,Fish,15.67,,,,
Peristedion cataphractum,Fish,14.28,,,,
Petromyzon marinus,Fish,14.08,,,,
Phycis blennoides,Fish,13.69,,,,
Physiculus dalwigki,Fish,13.54,,,,
Platichthys flesus,Fish,18.27,,,,
Polyacanthonotus rissoanus,Fish,13.23,,,,
Polyprion americanus,Fish,13.52,,,,
Pomatomus saltatrix,Fish,15.99,,,,
Pomatoschistus marmoratus,Fish,18.37,,,,
Pomatoschistus microps,Fish,14.92,,,,
Pomatoschistus minutus,Fish,16.75,,,,
Pomatoschistus norvegicus,Fish,14.32,,,,
Psenes pellucidus,Fish,13.2,,,,
Pseudaphya ferreri,Fish,13.9,,,,
Pteragogus pelycus,Fish,17.53,,,,
Pterois miles,Fish,19.22,,,,
Pteromylaeus bovinus,Fish,17.74,,,,
Pteroplatytrygon violacea,Fish,17.17,,,,
Raja asterias,Fish,15.66,,,,
Raja brachyura,Fish,16.37,,,,
Raja clavata,Fish,14.58,,,,
Raja miraletus,Fish,15.2,,,,
Raja montagui,Fish,14.74,,,,
Raja polystigma,Fish,14.9,,,,
Raja radula,Fish,15.86,,,,
Raja undulata,Fish,20.63,,,,
Regalecus glesne,Fish,13.06,,,,
Rhinoptera marginata,Fish,13.12,,,,
Rhynchogadus hepaticus,Fish,13.25,,,,
Rostroraja alba,Fish,15.03,,,,
Salaria pavo,Fish,16.17,,,,
Salmo trutta trutta,Fish,14.91,,,,
Sarda sarda,Fish,16.01,,,,
Sardina pilchardus,Fish,16.28,,,,
Sardinella aurita,Fish,16.16,,,,
Sardinella maderensis,Fish,16.02,,,,
Sarpa salpa,Fish,20.3,,,,
Saurida undosquamis,Fish,15.47,,,,
Schedophilus medusophagus,Fish,13.31,,,,
Schedophilus ovalis,Fish,13.68,,,,
Sciaena umbra,Fish,14.99,,,,
Scomber colias,Fish,15.14,,,,
Scomber scombrus,Fish,15.49,,,,
Scomberesox saurus saurus,Fish,20.44,,,,
Scophthalmus maximus,Fish,15.67,,,,
Scophthalmus rhombus,Fish,15.76,,,,
Scorpaena elongata,Fish,14.26,,,,
Scorpaena loppei,Fish,13.95,,,,
Scorpaena maderensis,Fish,16.45,,,,
Scorpaena notata,Fish,15.71,,,,
Scorpaena porcus,Fish,16.98,,,,
Scorpaena scrofa,Fish,15.02,,,,
Scyliorhinus canicula,Fish,14.21,,,,
Scyliorhinus stellaris,Fish,15.94,,,,
Seriola dumerili,Fish,17.28,,,,
Serranus atricauda,Fish,16.39,,,,
Serranus cabrilla,Fish,15.38,,,,
Serranus hepatus,Fish,15.63,,,,
Serranus scriba,Fish,17.49,,,,
Siganus luridus,Fish,18.33,,,,
Siganus rivulatus,Fish,18.49,,,,
Solea senegalensis,Fish,15.25,,,,
Solea solea,Fish,16.42,,,,
Sparisoma cretense,Fish,17.78,,,,
Sparus aurata,Fish,17.72,,,,
Sphoeroides pachygaster,Fish,15.18,,,,
Sphyraena sphyraena,Fish,16.43,,,,
Spicara flexuosa,Fish,15.74,,,,
Spicara maena,Fish,16.57,,,,
Spicara smaris,Fish,14.89,,,,
Spondyliosoma cantharus,Fish,15.1,,,,
Sprattus sprattus,Fish,15.39,,,,
Squalus acanthias,Fish,15.78,,,,
Squalus blainville,Fish,14.61,,,,
Squalus uyato,Fish,13.63,,,,
Squatina aculeata,Fish,14.78,,,,
Squatina oculata,Fish,15.31,,,,
Squatina squatina,Fish,14.55,,,,
Stephanolepis diaspros,Fish,20.27,,,,
Stomias boa boa,Fish,13.62,,,,
Stromateus fiatola,Fish,18.79,,,,
Sudis hyalina,Fish,14.02,,,,
Symbolophorus veranyi,Fish,13.48,,,,
Symphodus cinereus,Fish,17.97,,,,
Symphodus doderleini,Fish,17.26,,,,
Symphodus mediterraneus,Fish,17.27,,,,
Symphodus ocellatus,Fish,19.1,,,,
Symphodus roissali,Fish,20.79,,,,
Symphodus rostratus,Fish,18.13,,,,
Symphodus tinca,Fish,19.21,,,,
Symphurus ligulatus,Fish,13.94,,,,
Symphurus nigrescens,Fish,14.28,,,,
Synapturichthys kleinii,Fish,16.02,,,,
Synchiropus phaeton,Fish,13.51,,,,
Syngnathus acus,Fish,16.28,,,,
Syngnathus phlegon,Fish,13.9,,,,
Syngnathus taenionotus,Fish,14.48,,,,
Syngnathus tenuirostris,Fish,21.03,,,,
Syngnathus typhle,Fish,15.9,,,,
Synodus saurus,Fish,16.52,,,,
Thalassoma pavo,Fish,24.29,,,,
Torpedo marmorata,Fish,15.12,,,,
Torpedo nobiliana,Fish,14.19,,,,
Torpedo torpedo,Fish,17.68,,,,
Torquigener flavimaculosus,Fish,17.48,,,,
Trachinus araneus,Fish,15.81,,,,
Trachinus draco,Fish,14.84,,,,
Trachinus radiatus,Fish,15.4,,,,
Trachipterus trachypterus,Fish,13.19,,,,
Trachurus mediterraneus,Fish,15.74,,,,
Trachurus picturatus,Fish,14.17,,,,
Trachurus trachurus,Fish,14.44,,,,
Trachyrincus scabrus,Fish,13.25,,,,
Trachyscorpia cristulata echinata,Fish,13.09,,,,
Trichiurus lepturus,Fish,15.26,,,,
Trigla lyra,Fish,13.98,,,,
Trigloporus lastoviza,Fish,16.11,,,,
Trisopterus capelanus,Fish,13.85,,,,
Trisopterus luscus,Fish,13.18,,,,
Umbrina canariensis,Fish,14.12,,,,
Umbrina cirrosa,Fish,17.63,,,,
Umbrina ronchus,Fish,13.84,,,,
Upeneus moluccensis,Fish,17.03,,,,
Upeneus pori,Fish,18.06,,,,
Uranoscopus scaber,Fish,15.1,,,,
Vinciguerria attenuata,Fish,14.01,,,,
Vinciguerria poweriae,Fish,14.64,,,,
Xiphias gladius,Fish,14.37,,,,
Xyrichtys novacula,Fish,16.85,,,,
Zeugopterus regius,Fish,17.99,,,,
Zeus faber,Fish,14.62,,,,
Abra alba,Mollusca,13.19,,,,
Abra longicallus,Mollusca,13.63,,,,
Abra prismatica,Mollusca,13.9,,,,
Abralia veranyi,Mollusca,13.96,,,,
Abraliopsis morisii,Mollusca,14.33,,,,
Acanthocardia aculeata,Mollusca,14.81,,,,
Acanthocardia echinata,Mollusca,14.25,,,,
Acanthocardia paucicostata,Mollusca,15.81,,,,
Acanthocardia spinosa,Mollusca,14.82,,,,
Acanthocardia tuberculata,Mollusca,13.79,,,,
Aequipecten commutatus,Mollusca,14.15,,,,
Aequipecten opercularis,Mollusca,15.36,,,,
Aglaja tricolorata,Mollusca,15.26,,,,
Alloteuthis media,Mollusca,14.95,,,,
Alloteuthis subulata,Mollusca,14.9,,,,
Amygdalum politum,Mollusca,13.16,,,,
Anadara corbuloides,Mollusca,14.02,,,,
Anadara gibbosa,Mollusca,19.59,,,,
Anadara inaequivalvis,Mollusca,17.98,,,,
Anadara transversa,Mollusca,23.06,,,,
Ancistrocheirus lesueurii,Mollusca,13.58,,,,
Ancistroteuthis lichtensteinii,Mollusca,13.52,,,,
Anomia ephippium,Mollusca,15.93,,,,
Aplysia depilans,Mollusca,19.8,,,,
Aplysia fasciata,Mollusca,14.63,,,,
Aplysia punctata,Mollusca,15,,,,
Aporrhais pespelecani,Mollusca,15.86,,,,
Aporrhais serresianus,Mollusca,13.43,,,,
Arca noae,Mollusca,13.57,,,,
Arca tetragona,Mollusca,14.15,,,,
Arcopagia balaustina,Mollusca,13.75,,,,
Argonauta argo,Mollusca,14.22,,,,
Armina loveni,Mollusca,14.01,,,,
Armina maculata,Mollusca,14.8,,,,
Armina tigrina,Mollusca,14.37,,,,
Atrina fragilis,Mollusca,14.12,,,,
Atrina pectinata,Mollusca,13.55,,,,
Azorinus chamasolen,Mollusca,13.87,,,,
Barbatia barbata,Mollusca,17.64,,,,
Bathypolypus sponsalis,Mollusca,13.52,,,,
Berthella aurantiaca,Mollusca,14.42,,,,
Bittium reticulatum,Mollusca,13.77,,,,
Bivetiella cancellata,Mollusca,14.62,,,,
Bolinus brandaris,Mollusca,17.41,,,,
Bolma rugosa,Mollusca,14.59,,,,
Brachioteuthis riisei,Mollusca,13.26,,,,
Buccinum humphreysianum,Mollusca,13.3,,,,
Bulla striata,Mollusca,14.67,,,,
Bursatella leachi,Mollusca,16.87,,,,
Calliostoma granulatum,Mollusca,14.14,,,,
Calliostoma laugieri,Mollusca,14.48,,,,
Calliostoma zizyphinum,Mollusca,13.98,,,,
Callista chione,Mollusca,18.97,,,,
Callistoctopus macropus,Mollusca,16.86,,,,
Callumbonella suturalis,Mollusca,13.17,,,,
Calyptraea chinensis,Mollusca,15.79,,,,
Capulus ungaricus,Mollusca,13.67,,,,
Cavolinia tridentata,Mollusca,13.61,,,,
Chama gryphoides,Mollusca,14.03,,,,
Chamelea gallina,Mollusca,14.04,,,,
Charonia lampas,Mollusca,14.01,,,,
Chiroteuthis veranii,Mollusca,13.88,,,,
Chtenopteryx sicula,Mollusca,13.65,,,,
Clausinella fasciata,Mollusca,14.12,,,,
Colus gracilis,Mollusca,13.12,,,,
Colus jeffreysianus,Mollusca,13.21,,,,
Coralliophila meyendorffii,Mollusca,16.84,,,,
Crassostrea gigas,Mollusca,15.02,,,,
Crepidula unguiformis,Mollusca,15.87,,,,
Cuspidaria cuspidata,Mollusca,13.14,,,,
Cuspidaria rostrata,Mollusca,14.89,,,,
Cylichna cylindracea,Mollusca,16.65,,,,
Cymbium olla,Mollusca,14.91,,,,
Cymbulia peronii,Mollusca,13.74,,,,
Dendrodoris limbata,Mollusca,14.17,,,,
Diodora gibberula,Mollusca,14.86,,,,
Diodora graeca,Mollusca,16.06,,,,
Diodora italica,Mollusca,14.83,,,,
Discodoris stellifera,Mollusca,14.37,,,,
Doris pseudoargus,Mollusca,14.24,,,,
Doris sticta,Mollusca,14.62,,,,
Doris verrucosa,Mollusca,13.01,,,,
Eledone cirrhosa,Mollusca,13.84,,,,
Eledone moschata,Mollusca,17,,,,
Epitonium clathratulum,Mollusca,13.98,,,,
Epitonium clathrus,Mollusca,13.74,,,,
Epitonium turtonis,Mollusca,14.22,,,,
Euspira catena,Mollusca,13.35,,,,
Euspira fusca,Mollusca,14.71,,,,
Euspira grossularia,Mollusca,13.39,,,,
Euspira guilleminii,Mollusca,14.46,,,,
Euspira nitida,Mollusca,13.46,,,,
Euthria cornea,Mollusca,15.76,,,,
Felimare picta,Mollusca,13.6,,,,
Flexopecten flexuosus,Mollusca,14.38,,,,
Flexopecten glaber glaber,Mollusca,14.81,,,,
Flexopecten glaber proteus,Mollusca,18.55,,,,
Fusinus rostratus,Mollusca,13.85,,,,
Fusinus syracusanus,Mollusca,13.71,,,,
Fusiturris similis,Mollusca,13.39,,,,
Fusiturris undatiruga,Mollusca,13.17,,,,
Galeodea echinophora,Mollusca,14.29,,,,
Galeodea rugosa,Mollusca,13.57,,,,
Gastropteron rubrum,Mollusca,14.35,,,,
Gibbomodiola adriatica,Mollusca,15.74,,,,
Gibbula magus,Mollusca,15.33,,,,
Glossus humanus,Mollusca,13.91,,,,
Glycymeris glycymeris,Mollusca,15.85,,,,
Hadriania craticulata,Mollusca,14.26,,,,
Haminoea navicula,Mollusca,14.85,,,,
Heteroteuthis dispar,Mollusca,13.78,,,,
Hexaplex trunculus,Mollusca,18.4,,,,
Hiatella arctica,Mollusca,14.16,,,,
Hiatella rugosa,Mollusca,15.9,,,,
Hirtomurex squamosus,Mollusca,13.49,,,,
Histioteuthis bonnellii,Mollusca,13.68,,,,
Histioteuthis reversa,Mollusca,13.63,,,,
Illex coindetii,Mollusca,14.27,,,,
Janthina pallida,Mollusca,13.96,,,,
Jorunna tomentosa,Mollusca,13.19,,,,
Kaloplocamus ramosus,Mollusca,13.41,,,,
Laevicardium crassum,Mollusca,14.33,,,,
Laevicardium oblongum,Mollusca,15.73,,,,
Lamellaria perspicua,Mollusca,13.61,,,,
Lima lima,Mollusca,14.53,,,,
Limaria hians,Mollusca,13.52,,,,
Loligo forbesii,Mollusca,14.22,,,,
Loligo vulgaris,Mollusca,16.92,,,,
Macrotritopus defilippi,Mollusca,14.07,,,,
Marionia blainvillea,Mollusca,14.16,,,,
Mimachlamys varia,Mollusca,14.69,,,,
Modiolus barbatus,Mollusca,23.19,,,,
Monia squama,Mollusca,13.75,,,,
Monoplex corrugatus,Mollusca,15.25,,,,
Musculus discoris,Mollusca,13.69,,,,
Musculus subpictus,Mollusca,15.25,,,,
Mytilus edulis,Mollusca,14.96,,,,
Mytilus galloprovincialis,Mollusca,15.63,,,,
Nassarius incrassatus,Mollusca,14.83,,,,
Nassarius reticulatus,Mollusca,13.48,,,,
Naticarius hebraeus,Mollusca,15.18,,,,
Naticarius stercusmuscarum,Mollusca,15.96,,,,
Neopycnodonte cochlear,Mollusca,14.26,,,,
Neorossia caroli,Mollusca,13.74,,,,
Neverita josephinia,Mollusca,14.71,,,,
Notarchus punctatus,Mollusca,24.97,,,,
Nucula nucleus,Mollusca,16.44,,,,
Nucula sulcata,Mollusca,14.14,,,,
Ocenebra erinaceus,Mollusca,18.77,,,,
Octopoteuthis sicula,Mollusca,14.34,,,,
Octopus salutii,Mollusca,13.54,,,,
Octopus vulgaris,Mollusca,15.14,,,,
Ocythoe tuberculata,Mollusca,13.27,,,,
Okenia elegans,Mollusca,14.46,,,,
Ommastrephes bartramii,Mollusca,13.62,,,,
Onychoteuthis banksii,Mollusca,13.56,,,,
Opisthoteuthis calypso,Mollusca,13.16,,,,
Ostrea edulis,Mollusca,16.03,,,,
Pagodula echinata,Mollusca,14.34,,,,
Pecten jacobaeus,Mollusca,16.99,,,,
Pecten maximus,Mollusca,15.1,,,,
Peltodoris atromaculata,Mollusca,14.92,,,,
Philine aperta,Mollusca,15.7,,,,
Philinopsis depicta,Mollusca,14.8,,,,
Pinna nobilis,Mollusca,15.94,,,,
Pinna rudis,Mollusca,14.28,,,,
Platydoris argo,Mollusca,15.26,,,,
Pleurobranchaea meckeli,Mollusca,15.62,,,,
Pleurobranchus membranaceus,Mollusca,14.87,,,,
Pleurobranchus testudinarius,Mollusca,14.84,,,,
Pseudamussium clavatum,Mollusca,14.8,,,,
Pseudochama gryphina,Mollusca,17.9,,,,
Pseudosimnia adriatica,Mollusca,13.64,,,,
Pseudosimnia carnea,Mollusca,13.46,,,,
Pteria hirundo,Mollusca,14.78,,,,
Pteroctopus tetracirrhus,Mollusca,13.7,,,,
Pyroteuthis margaritifera,Mollusca,13.89,,,,
Ranella olearium,Mollusca,13.69,,,,
Rondeletiola minor,Mollusca,13.9,,,,
Rossia macrosoma,Mollusca,13.82,,,,
Rostanga rubra,Mollusca,13.99,,,,
Scaeurgus unicirrhus,Mollusca,14.25,,,,
Scaphander lignarius,Mollusca,13.8,,,,
Semicassis granulata,Mollusca,15.96,,,,
Semicassis saburon,Mollusca,13.39,,,,
Sepia elegans,Mollusca,14.97,,,,
Sepia officinalis,Mollusca,17.05,,,,
Sepia orbignyana,Mollusca,14.4,,,,
Sepietta neglecta,Mollusca,14.11,,,,
Sepietta obscura,Mollusca,15.21,,,,
Sepietta oweniana,Mollusca,13.82,,,,
Sepiola affinis,Mollusca,14.03,,,,
Sepiola intermedia,Mollusca,14.97,,,,
Sepiola ligulata,Mollusca,14.8,,,,
Sepiola robusta,Mollusca,13.71,,,,
Sepiola rondeletii,Mollusca,14.46,,,,
Solecurtus scopula,Mollusca,14.12,,,,
Spisula solida,Mollusca,13.44,,,,
Spisula subtruncata,Mollusca,16.85,,,,
Stoloteuthis leucoptera,Mollusca,13.33,,,,
Tellina fabula,Mollusca,14.39,,,,
Tellina planata,Mollusca,14.1,,,,
Tenagodus obtusus,Mollusca,14.8,,,,
Teredo navalis,Mollusca,15.51,,,,
Tethys fimbria,Mollusca,15.04,,,,
Thracia convexa,Mollusca,14.79,,,,
Todarodes sagittatus,Mollusca,13.82,,,,
Todaropsis eblanae,Mollusca,14.07,,,,
Tonna galea,Mollusca,17.08,,,,
Tritonia hombergii,Mollusca,14.01,,,,
Trophonopsis muricata,Mollusca,14.57,,,,
Turritella communis,Mollusca,14.21,,,,
Turritella turbona,Mollusca,15.36,,,,
Umbraculum umbraculum,Mollusca,14.28,,,,
Venus casina,Mollusca,14.49,,,,
Venus nux,Mollusca,14.04,,,,
Venus verrucosa,Mollusca,14.64,,,,
Xenophora crispa,Mollusca,13.46,,,,
Aplidium conicum,Tunicata,15.74,,,,
Aplidium elegans,Tunicata,15.09,,,,
Aplidium haouarianum,Tunicata,15.18,,,,
Aplidium nordmanni,Tunicata,14.6,,,,
Aplidium pallidum,Tunicata,16.4,,,,
Ascidia involuta,Tunicata,14.71,,,,
Ascidia mentula,Tunicata,15.42,,,,
Ascidia virginea,Tunicata,15.94,,,,
Ascidiella aspersa,Tunicata,15.31,,,,
Ascidiella scabra,Tunicata,14.03,,,,
Botrylloides leachii,Tunicata,15.21,,,,
Botryllus schlosseri,Tunicata,16.1,,,,
Ciona intestinalis,Tunicata,14.99,,,,
Cystodytes dellechiajei,Tunicata,14.39,,,,
Diazona violacea,Tunicata,14.4,,,,
Didemnum maculosum,Tunicata,14.88,,,,
Diplosoma listerianum,Tunicata,14.77,,,,
Distaplia magnilarva,Tunicata,13.98,,,,
Distomus variolosus,Tunicata,16.38,,,,
Eudistoma mucosum,Tunicata,15.16,,,,
Halocynthia papillosa,Tunicata,15.76,,,,
Microcosmus claudicans,Tunicata,16.76,,,,
Microcosmus polymorphus,Tunicata,14.66,,,,
Microcosmus sabatieri,Tunicata,13.88,,,,
Microcosmus squamiger,Tunicata,13.88,,,,
Microcosmus vulgaris,Tunicata,16.73,,,,
Molgula appendiculata,Tunicata,14.74,,,,
Molgula occulta,Tunicata,14.99,,,,
Molgula socialis,Tunicata,14.6,,,,
Phallusia mammillata,Tunicata,15.47,,,,
Polyandrocarpa arianae,Tunicata,13.79,,,,
Polycarpa fibrosa,Tunicata,15.27,,,,
Polycarpa mamillaris,Tunicata,15.03,,,,
Polycarpa pomaria,Tunicata,14.76,,,,
Polycitor adriaticus,Tunicata,14.17,,,,
Polyclinella azemai,Tunicata,14.68,,,,
Pseudodistoma cyrnusense,Tunicata,15.06,,,,
Pyrosoma atlanticum,Tunicata,13.75,,,,
Pyura dura,Tunicata,14.69,,,,
Pyura microcosmus,Tunicata,14.7,,,,
Pyura tessellata,Tunicata,14.66,,,,
Salpa maxima,Tunicata,13.91,,,,
Soestia zonaria,Tunicata,13.46,,,,
Styela canopus,Tunicata,13.88,,,,
Synoicum blochmanni,Tunicata,14.65,,,,
Thalia democratica,Tunicata,15.59,,,,
